frame,track_id,class,conf,x1,y1,x2,y2,cx,cy
0,1,0,0.715,848.8,995.2,885.8,1080.0,867.3,1037.6
1,1,0,0.714,848.8,995.1,885.8,1080.0,867.3,1037.6
2,1,0,0.628,845.0,996.2,881.3,1080.0,863.2,1038.1
3,1,0,0.603,843.4,998.7,877.3,1080.0,860.4,1039.3
4,1,0,0.636,840.4,1000.1,873.3,1080.0,856.8,1040.0
5,1,0,0.724,833.9,999.1,870.5,1080.0,852.2,1039.6
6,1,0,0.734,828.4,999.2,865.7,1080.0,847.0,1039.6
7,1,0,0.742,825.9,1000.5,862.2,1080.0,844.1,1040.2
8,1,0,0.721,822.2,1000.9,859.6,1080.0,840.9,1040.4
9,1,0,0.705,818.3,1000.2,855.7,1079.9,837.0,1040.0
10,1,0,0.707,815.4,997.3,854.0,1079.9,834.7,1038.6
11,1,0,0.651,813.2,998.9,850.9,1079.9,832.0,1039.4
12,1,0,0.616,810.7,998.0,846.2,1079.9,828.4,1039.0
13,1,0,0.513,808.9,999.1,843.1,1079.9,826.0,1039.5
14,1,0,0.745,804.7,998.9,839.9,1080.0,822.3,1039.4
15,1,0,0.763,799.7,997.6,836.7,1080.0,818.2,1038.8
16,1,0,0.729,796.3,997.4,832.7,1080.0,814.5,1038.7
17,1,0,0.756,793.6,998.6,829.0,1080.0,811.3,1039.3
18,1,0,0.745,789.3,998.5,824.7,1080.0,807.0,1039.3
19,1,0,0.686,784.9,996.4,820.8,1080.0,802.8,1038.2
20,1,0,0.643,781.9,997.8,817.9,1080.0,799.9,1038.9
21,1,0,0.574,779.1,997.6,813.7,1080.0,796.4,1038.8
22,1,0,0.556,776.0,999.2,809.7,1080.0,792.8,1039.6
23,1,0,0.723,770.2,998.7,806.4,1080.0,788.3,1039.3
24,1,0,0.747,764.7,998.7,801.4,1080.0,783.1,1039.3
25,1,0,0.74,762.1,999.7,797.9,1080.0,780.0,1039.9
26,1,0,0.727,757.1,1000.3,794.5,1080.0,775.8,1040.1
27,1,0,0.699,752.8,1000.0,789.7,1080.0,771.2,1040.0
28,1,0,0.684,750.3,1000.4,787.7,1079.9,769.0,1040.2
29,1,0,0.56,749.2,999.6,784.9,1080.0,767.1,1039.8
30,1,0,0.572,747.3,999.7,782.6,1080.0,764.9,1039.9
31,1,0,0.54,745.4,1001.3,779.9,1080.0,762.7,1040.6
32,1,0,0.515,743.8,1001.5,777.8,1080.0,760.8,1040.8
33,1,0,0.691,742.1,1001.4,776.6,1080.0,759.3,1040.7
34,1,0,0.691,738.3,1001.0,775.2,1080.0,756.8,1040.5
35,1,0,0.704,735.6,1001.6,774.1,1080.0,754.8,1040.8
36,1,0,0.711,732.2,1001.0,771.0,1080.0,751.6,1040.5
37,1,0,0.714,730.9,1001.7,768.7,1079.9,749.8,1040.8
38,1,0,0.736,730.0,1002.8,767.1,1079.9,748.5,1041.4
39,1,0,0.737,729.3,1003.7,765.7,1079.9,747.5,1041.8
40,1,0,0.755,727.0,1003.7,764.9,1080.0,746.0,1041.9
41,1,0,0.738,725.8,1003.9,762.8,1080.0,744.3,1041.9
42,1,0,0.732,723.4,1002.7,761.5,1079.9,742.5,1041.3
43,1,0,0.699,721.5,1001.7,758.8,1079.9,740.2,1040.8
44,1,0,0.671,719.4,1002.3,757.4,1079.9,738.4,1041.1
45,1,0,0.587,717.1,1001.7,755.1,1079.9,736.1,1040.8
46,1,0,0.537,715.4,1002.5,754.0,1080.0,734.7,1041.2
47,1,0,0.386,713.5,1003.8,751.7,1080.0,732.6,1041.9
48,1,0,0.407,712.3,1004.5,748.0,1080.0,730.1,1042.3
49,1,0,0.482,709.8,1004.6,745.3,1080.0,727.6,1042.3
50,1,0,0.6,706.8,1004.4,742.2,1080.0,724.5,1042.2
51,1,0,0.669,701.7,1004.7,738.8,1080.0,720.3,1042.3
52,1,0,0.588,699.2,1006.5,735.4,1080.0,717.3,1043.2
53,1,0,0.659,697.6,1006.9,733.0,1080.0,715.3,1043.5
54,1,0,0.67,692.6,1006.3,729.6,1080.0,711.1,1043.2
55,1,0,0.667,688.9,1005.0,726.3,1080.0,707.6,1042.5
56,1,0,0.591,685.9,1004.8,723.1,1080.0,704.5,1042.4
57,1,0,0.462,684.2,1007.2,720.9,1080.0,702.6,1043.6
58,1,0,0.538,683.0,1009.8,718.1,1080.0,700.6,1044.9
58,2,0,0.583,363.2,521.3,388.3,573.1,375.7,547.2
59,1,0,0.583,681.0,1011.6,714.4,1080.0,697.7,1045.8
59,2,0,0.547,362.6,520.5,389.9,572.7,376.3,546.6
60,1,0,0.672,676.9,1012.8,710.9,1079.8,693.9,1046.3
60,2,0,0.398,363.3,520.4,393.4,573.3,378.3,546.8
61,1,0,0.616,673.4,1013.2,708.2,1079.8,690.8,1046.5
62,1,0,0.692,670.6,1011.8,707.1,1079.8,688.8,1045.8
63,1,0,0.534,667.2,1012.3,704.9,1080.0,686.0,1046.1
64,1,0,0.605,665.2,1015.6,701.9,1080.0,683.6,1047.8
65,1,0,0.649,662.3,1017.0,699.0,1080.0,680.7,1048.5
66,1,0,0.647,658.3,1017.2,694.9,1080.0,676.6,1048.6
67,1,0,0.251,655.4,1020.2,692.1,1080.0,673.7,1050.1
72,1,0,0.578,646.2,1022.8,681.7,1079.9,663.9,1051.3
73,1,0,0.456,644.3,1023.4,680.5,1079.3,662.4,1051.3
74,1,0,0.535,642.8,1022.7,679.2,1079.7,661.0,1051.2
75,1,0,0.577,642.1,1022.4,678.3,1079.9,660.2,1051.1
76,1,0,0.519,641.8,1022.4,677.7,1079.9,659.7,1051.1
77,1,0,0.456,640.5,1022.8,676.8,1079.9,658.7,1051.3
78,1,0,0.376,639.4,1023.8,676.6,1080.0,658.0,1051.9
79,1,0,0.362,640.1,1024.7,677.2,1080.0,658.7,1052.4
80,1,0,0.282,639.6,1025.4,677.7,1080.0,658.7,1052.7
121,3,0,0.608,1190.6,547.7,1220.9,608.8,1205.7,578.3
122,3,0,0.623,1188.4,547.5,1223.0,610.1,1205.7,578.8
123,3,0,0.569,1186.0,550.2,1221.9,613.3,1204.0,581.7
124,3,0,0.484,1184.8,550.8,1216.1,616.0,1200.4,583.4
125,3,0,0.473,1183.3,553.8,1212.2,615.9,1197.7,584.8
126,3,0,0.348,1182.5,555.9,1215.1,621.2,1198.8,588.6
127,3,0,0.411,1179.7,558.0,1227.7,630.7,1203.7,594.4
128,3,0,0.326,1176.2,559.6,1232.4,633.9,1204.3,596.8
129,3,0,0.519,1174.6,562.2,1225.6,638.1,1200.1,600.2
130,3,0,0.662,1169.8,563.2,1230.4,643.7,1200.1,603.5
130,4,0,0.644,680.6,562.4,715.4,639.4,698.0,600.9
131,3,0,0.597,1167.0,563.3,1228.8,647.1,1197.9,605.2
131,4,0,0.556,682.4,564.5,722.1,640.2,702.2,602.3
132,3,0,0.503,1165.3,564.3,1224.6,649.6,1194.9,607.0
132,4,0,0.316,683.7,568.3,727.2,637.8,705.4,603.1
132,5,0,0.566,365.8,423.1,395.6,484.6,380.7,453.8
133,3,0,0.418,1163.8,566.8,1215.1,650.9,1189.4,608.9
133,5,0,0.404,366.4,424.7,396.0,481.7,381.2,453.2
134,3,0,0.327,1164.2,567.0,1208.2,651.6,1186.2,609.3
134,5,0,0.456,366.4,424.5,395.9,480.0,381.1,452.3
135,3,0,0.338,1160.0,565.8,1202.3,648.1,1181.2,607.0
135,5,0,0.469,366.0,421.9,395.4,478.6,380.7,450.2
136,5,0,0.474,365.8,419.7,398.7,479.4,382.2,449.6
137,5,0,0.529,365.4,417.6,398.8,478.1,382.1,447.9
138,5,0,0.564,364.4,416.3,398.1,478.0,381.3,447.2
139,5,0,0.579,364.3,416.4,397.7,477.0,381.0,446.7
140,5,0,0.54,363.3,417.4,397.8,475.7,380.5,446.6
141,5,0,0.607,362.6,418.9,395.8,477.0,379.2,448.0
142,5,0,0.601,362.3,419.3,393.8,477.6,378.0,448.4
143,5,0,0.662,362.5,420.8,391.3,476.2,376.9,448.5
144,5,0,0.647,362.2,420.8,392.2,475.6,377.2,448.2
145,5,0,0.587,361.6,420.0,392.1,475.2,376.8,447.6
146,5,0,0.55,361.6,419.4,392.3,476.5,376.9,447.9
147,5,0,0.579,361.6,418.4,391.6,477.1,376.6,447.7
148,5,0,0.616,362.0,417.5,392.2,477.8,377.1,447.7
149,5,0,0.635,361.8,417.7,391.8,478.3,376.8,448.0
149,6,0,0.515,563.6,702.1,607.2,773.3,585.4,737.7
150,5,0,0.646,361.7,418.2,392.0,477.8,376.9,448.0
150,6,0,0.415,567.4,701.8,614.5,775.1,590.9,738.4
151,5,0,0.645,361.4,419.3,390.6,479.8,376.0,449.6
151,6,0,0.369,575.2,709.0,618.4,781.9,596.8,745.5
152,5,0,0.603,361.0,419.2,390.1,481.4,375.5,450.3
152,6,0,0.532,582.3,710.7,624.2,788.7,603.3,749.7
153,5,0,0.584,361.4,420.7,388.6,478.4,375.0,449.6
153,6,0,0.6,585.8,710.6,628.0,792.7,606.9,751.6
154,5,0,0.509,360.8,420.4,388.8,475.2,374.8,447.8
154,6,0,0.495,593.1,710.0,632.4,793.3,612.7,751.7
155,5,0,0.578,359.8,418.5,388.5,474.5,374.2,446.5
155,6,0,0.459,598.1,711.6,636.9,790.1,617.5,750.9
156,5,0,0.555,357.5,416.6,389.1,476.0,373.3,446.3
156,6,0,0.378,607.4,713.4,640.4,787.6,623.9,750.5
157,5,0,0.566,355.7,415.8,389.5,478.4,372.6,447.1
157,6,0,0.58,615.0,713.1,646.9,787.1,631.0,750.1
158,5,0,0.511,353.2,415.6,388.5,478.7,370.9,447.2
158,6,0,0.56,617.9,712.5,656.1,790.1,637.0,751.3
159,5,0,0.529,351.7,415.6,386.9,480.4,369.3,448.0
159,6,0,0.582,624.2,712.7,665.6,791.0,644.9,751.9
159,7,0,0.633,895.5,700.7,946.2,787.6,920.8,744.2
160,5,0,0.515,351.5,416.8,386.0,478.4,368.8,447.6
160,6,0,0.564,629.9,714.6,675.1,793.5,652.5,754.1
160,7,0,0.605,897.0,701.9,946.7,789.6,921.8,745.8
160,3,0,0.516,1117.1,579.5,1153.3,653.1,1135.2,616.3
161,5,0,0.513,350.7,416.4,384.4,476.8,367.5,446.6
161,6,0,0.516,634.8,716.5,683.1,794.4,659.0,755.4
161,7,0,0.529,901.2,702.4,946.3,792.8,923.8,747.6
161,3,0,0.473,1120.2,582.2,1154.8,654.8,1137.5,618.5
162,5,0,0.546,350.3,415.6,382.5,476.2,366.4,445.9
162,6,0,0.548,642.2,719.3,694.6,794.9,668.4,757.1
162,7,0,0.596,905.1,701.9,945.1,792.5,925.1,747.2
162,3,0,0.488,1122.8,584.9,1156.1,652.7,1139.5,618.8
163,5,0,0.568,348.0,413.0,380.7,475.5,364.4,444.3
163,6,0,0.487,647.2,721.7,703.6,794.4,675.4,758.1
163,7,0,0.457,907.4,703.7,943.0,792.8,925.2,748.2
163,3,0,0.465,1125.6,585.8,1158.1,653.2,1141.8,619.5
164,5,0,0.581,345.6,412.3,379.8,476.2,362.7,444.3
164,6,0,0.538,657.8,725.5,706.6,792.4,682.2,758.9
164,7,0,0.443,907.9,706.9,940.9,790.3,924.4,748.6
164,3,0,0.503,1127.4,586.2,1160.2,656.0,1143.8,621.1
165,5,0,0.568,343.6,410.5,379.2,475.5,361.4,443.0
165,6,0,0.597,662.3,728.2,712.5,794.7,687.4,761.4
165,7,0,0.469,907.7,706.7,939.6,787.0,923.6,746.8
165,3,0,0.445,1128.8,584.6,1162.7,655.9,1145.7,620.3
166,5,0,0.526,340.9,409.9,376.9,473.0,358.9,441.5
166,6,0,0.508,671.0,731.6,714.6,796.9,692.8,764.2
166,7,0,0.391,901.2,708.7,939.4,788.5,920.3,748.6
166,3,0,0.394,1130.5,584.2,1164.4,655.7,1147.4,620.0
167,5,0,0.384,339.5,409.8,374.1,470.9,356.8,440.3
167,6,0,0.569,679.0,732.7,716.0,799.2,697.5,765.9
167,7,0,0.569,893.6,705.8,938.6,790.9,916.1,748.4
167,3,0,0.418,1131.0,578.9,1169.1,655.6,1150.0,617.2
168,6,0,0.555,682.3,733.1,716.8,804.1,699.5,768.6
168,7,0,0.462,887.1,703.6,937.1,790.5,912.1,747.0
168,3,0,0.325,1132.2,576.9,1170.0,653.5,1151.1,615.2
169,6,0,0.597,684.5,732.3,718.3,808.0,701.4,770.2
169,7,0,0.409,883.6,703.5,936.0,789.6,909.8,746.6
169,3,0,0.387,1136.8,576.4,1171.7,654.0,1154.2,615.2
170,6,0,0.609,685.2,730.8,721.4,808.2,703.3,769.5
170,7,0,0.302,879.8,703.5,931.2,787.9,905.5,745.7
170,3,0,0.308,1138.7,577.0,1173.3,656.0,1156.0,616.5
171,6,0,0.623,685.6,729.9,723.1,807.2,704.4,768.6
171,7,0,0.465,877.3,703.9,926.4,791.1,901.8,747.5
171,3,0,0.37,1138.9,575.8,1173.6,658.8,1156.3,617.3
172,6,0,0.598,685.6,729.2,723.7,806.2,704.6,767.7
172,7,0,0.41,876.3,706.8,923.5,792.3,899.9,749.6
172,3,0,0.348,1141.1,576.6,1173.7,658.0,1157.4,617.3
173,6,0,0.565,685.6,729.3,724.1,805.9,704.8,767.6
173,7,0,0.451,874.7,710.0,920.2,789.8,897.4,749.9
173,3,0,0.343,1142.0,579.4,1174.1,659.5,1158.0,619.4
173,10,0,0.673,937.6,667.8,977.6,749.5,957.6,708.7
174,6,0,0.503,686.2,730.0,725.8,805.5,706.0,767.8
174,7,0,0.468,872.0,710.8,915.2,791.3,893.6,751.0
174,3,0,0.396,1143.9,581.8,1176.1,661.3,1160.0,621.5
174,10,0,0.623,934.2,673.1,969.6,748.9,951.9,711.0
174,5,0,0.552,316.7,408.9,351.1,467.4,333.9,438.1
175,6,0,0.502,687.3,732.1,726.7,808.0,707.0,770.0
175,7,0,0.496,870.1,711.0,911.1,792.4,890.6,751.7
175,3,0,0.48,1143.9,583.4,1178.2,662.6,1161.1,623.0
175,10,0,0.585,924.5,676.5,961.2,751.0,942.8,713.8
175,5,0,0.488,310.8,408.6,350.0,466.2,330.4,437.4
176,6,0,0.522,687.6,733.8,727.8,809.9,707.7,771.9
176,7,0,0.498,868.2,710.3,906.9,790.7,887.5,750.5
176,3,0,0.53,1143.6,586.5,1179.5,665.2,1161.6,625.8
176,10,0,0.391,918.3,678.8,953.9,756.9,936.1,717.9
176,5,0,0.261,307.5,410.8,343.3,463.9,325.4,437.3
177,6,0,0.498,689.4,736.5,729.8,811.0,709.6,773.7
177,7,0,0.47,865.2,713.0,900.5,790.7,882.8,751.9
177,3,0,0.542,1144.4,588.3,1180.8,668.4,1162.6,628.3
177,10,0,0.36,906.8,684.0,946.9,771.0,926.8,727.5
177,5,0,0.285,301.9,412.1,335.6,462.3,318.7,437.2
178,6,0,0.584,690.0,738.7,731.3,814.9,710.7,776.8
178,7,0,0.33,862.0,716.4,896.4,792.6,879.2,754.5
178,3,0,0.531,1145.0,587.8,1181.1,671.6,1163.1,629.7
178,10,0,0.357,901.1,687.6,939.4,762.8,920.2,725.2
178,5,0,0.344,298.4,412.4,329.0,461.5,313.7,436.9
179,6,0,0.596,690.9,740.5,732.8,816.8,711.9,778.7
179,7,0,0.323,856.7,718.8,896.9,793.8,876.8,756.3
179,3,0,0.516,1145.3,587.3,1181.9,675.8,1163.6,631.5
179,10,0,0.303,891.6,689.5,932.1,780.4,911.8,734.9
179,5,0,0.372,294.3,412.1,326.2,464.6,310.3,438.4
180,6,0,0.575,692.4,741.0,733.6,817.6,713.0,779.3
180,3,0,0.477,1146.5,587.7,1182.4,677.0,1164.5,632.4
180,10,0,0.312,886.4,693.3,923.1,779.6,904.7,736.4
180,5,0,0.404,291.8,411.8,324.2,465.9,308.0,438.8
181,6,0,0.537,694.9,742.5,734.3,818.6,714.6,780.5
181,3,0,0.507,1147.0,588.1,1183.5,678.8,1165.2,633.4
181,10,0,0.261,879.4,697.2,917.1,776.6,898.2,736.9
182,6,0,0.544,694.5,743.1,734.1,819.0,714.3,781.0
182,3,0,0.496,1147.9,589.5,1183.9,679.1,1165.9,634.3
182,10,0,0.3,861.3,701.5,909.3,778.2,885.3,739.9
183,6,0,0.548,694.8,744.0,734.9,818.7,714.9,781.4
183,3,0,0.441,1150.7,595.3,1185.2,677.5,1167.9,636.4
183,10,0,0.275,858.4,703.3,904.3,774.5,881.4,738.9
184,6,0,0.553,695.0,745.0,734.3,820.4,714.7,782.7
184,3,0,0.45,1152.1,598.9,1186.1,677.5,1169.1,638.2
184,10,0,0.341,850.7,702.9,900.5,791.8,875.6,747.4
185,6,0,0.519,695.9,746.9,733.6,822.8,714.8,784.9
185,3,0,0.463,1154.6,602.3,1187.4,678.4,1171.0,640.3
185,10,0,0.359,840.8,705.8,898.7,803.9,869.8,754.8
186,6,0,0.551,695.5,747.8,732.2,826.4,713.8,787.1
186,3,0,0.473,1158.0,602.4,1186.5,678.1,1172.3,640.2
186,10,0,0.292,837.1,707.0,894.6,803.4,865.9,755.2
187,6,0,0.565,696.4,749.5,732.2,833.0,714.3,791.3
187,3,0,0.557,1157.9,602.3,1189.0,679.8,1173.5,641.1
188,6,0,0.573,697.9,752.2,731.8,836.3,714.9,794.2
188,3,0,0.589,1160.1,603.0,1190.6,683.4,1175.4,643.2
189,6,0,0.564,699.5,756.0,732.1,835.8,715.8,795.9
189,3,0,0.568,1162.0,603.8,1192.7,686.0,1177.4,644.9
189,11,0,0.547,742.2,429.9,766.7,483.7,754.5,456.8
190,6,0,0.577,700.4,756.7,731.0,835.6,715.7,796.1
190,3,0,0.542,1163.3,605.8,1194.1,689.9,1178.7,647.9
190,11,0,0.449,737.2,429.2,765.9,486.3,751.5,457.7
191,6,0,0.526,700.3,754.3,734.3,834.5,717.3,794.4
191,3,0,0.575,1164.7,606.4,1196.2,690.7,1180.4,648.5
191,11,0,0.432,735.1,430.2,763.4,486.4,749.3,458.3
192,6,0,0.664,700.0,741.5,735.7,834.7,717.8,788.1
192,3,0,0.508,1165.1,606.9,1197.6,690.7,1181.4,648.8
192,11,0,0.331,732.8,431.1,758.0,486.2,745.4,458.6
193,6,0,0.696,699.7,735.0,732.9,834.9,716.3,785.0
193,3,0,0.433,1165.6,608.0,1199.9,689.4,1182.8,648.7
193,11,0,0.305,726.0,431.5,753.5,484.0,739.8,457.8
194,6,0,0.61,698.3,740.7,733.3,835.2,715.8,787.9
194,3,0,0.297,1165.9,609.6,1201.8,688.7,1183.8,649.1
194,11,0,0.268,721.0,433.6,749.0,485.0,735.0,459.3
194,12,0,0.583,359.3,561.2,390.2,625.4,374.7,593.3
195,6,0,0.634,697.0,743.7,733.2,834.6,715.1,789.2
195,3,0,0.383,1167.7,611.1,1203.5,690.1,1185.6,650.6
195,11,0,0.298,717.3,435.7,743.5,487.2,730.4,461.4
195,12,0,0.381,355.3,566.2,389.9,625.8,372.6,596.0
196,6,0,0.644,695.3,743.4,733.0,833.6,714.2,788.5
196,3,0,0.463,1169.7,612.2,1204.9,692.2,1187.3,652.2
196,11,0,0.389,715.5,436.7,739.8,486.9,727.7,461.8
196,12,0,0.274,354.4,571.9,392.8,627.8,373.6,599.8
197,6,0,0.536,694.1,744.8,733.2,831.3,713.7,788.0
197,3,0,0.434,1171.1,613.4,1205.9,696.2,1188.5,654.8
197,11,0,0.446,713.8,436.5,734.9,489.7,724.4,463.1
198,6,0,0.548,693.2,745.9,734.2,831.1,713.7,788.5
198,3,0,0.402,1172.3,615.1,1205.7,699.1,1189.0,657.1
198,11,0,0.38,711.9,434.8,732.2,488.7,722.1,461.8
199,6,0,0.429,692.5,748.4,735.7,831.6,714.1,790.0
199,3,0,0.443,1173.0,618.3,1205.9,703.2,1189.5,660.7
199,11,0,0.387,707.0,434.7,728.9,492.4,718.0,463.6
200,6,0,0.491,688.0,752.9,737.2,832.9,712.6,792.9
200,3,0,0.46,1173.2,620.4,1205.8,704.8,1189.5,662.6
200,11,0,0.33,703.9,435.7,725.8,492.5,714.9,464.1
201,6,0,0.616,682.7,756.6,738.0,834.2,710.4,795.4
201,3,0,0.485,1173.4,621.7,1206.1,704.7,1189.7,663.2
201,11,0,0.331,702.2,437.2,723.7,495.0,713.0,466.1
202,6,0,0.64,678.8,758.9,738.1,835.2,708.5,797.1
202,3,0,0.465,1175.2,622.9,1206.5,703.3,1190.8,663.1
202,11,0,0.278,697.2,440.8,722.4,495.3,709.8,468.0
203,6,0,0.563,677.3,760.1,730.9,835.7,704.1,797.9
203,3,0,0.475,1176.1,622.0,1207.3,703.3,1191.7,662.6
204,6,0,0.576,674.8,759.1,736.2,838.0,705.5,798.5
204,3,0,0.487,1178.2,619.8,1208.7,704.8,1193.4,662.3
204,14,0,0.583,79.8,749.3,154.0,826.2,116.9,787.8
205,6,0,0.515,671.3,757.9,732.2,840.4,701.7,799.1
205,3,0,0.496,1179.0,617.8,1210.0,704.8,1194.5,661.3
205,14,0,0.534,78.9,749.5,137.8,825.6,108.3,787.5
206,6,0,0.474,667.0,758.2,729.0,840.3,698.0,799.2
206,3,0,0.494,1179.4,616.7,1210.4,705.2,1194.9,660.9
206,14,0,0.603,76.2,746.4,123.6,826.1,99.9,786.3
207,6,0,0.454,662.7,754.7,717.8,839.6,690.3,797.1
207,3,0,0.507,1179.5,616.2,1211.0,704.2,1195.2,660.2
207,14,0,0.526,75.0,748.3,109.6,828.8,92.3,788.5
208,6,0,0.571,661.5,751.5,709.6,838.5,685.6,795.0
208,3,0,0.525,1180.1,616.5,1212.1,705.2,1196.1,660.8
208,14,0,0.541,68.4,746.6,103.8,828.5,86.1,787.5
208,15,0,0.588,584.0,515.0,615.0,582.0,599.5,548.5
209,6,0,0.437,656.5,747.8,701.1,836.7,678.8,792.2
209,3,0,0.492,1180.3,617.3,1212.2,707.5,1196.3,662.4
209,14,0,0.441,56.9,741.4,95.8,832.1,76.4,786.7
209,15,0,0.565,584.1,514.2,616.4,583.8,600.2,549.0
210,6,0,0.477,652.9,744.1,696.3,832.2,674.6,788.1
210,3,0,0.477,1181.6,618.4,1214.9,708.9,1198.2,663.7
210,14,0,0.423,46.9,741.4,92.9,836.5,69.9,789.0
210,15,0,0.598,585.0,514.2,616.4,585.1,600.7,549.7
211,6,0,0.518,649.4,741.9,693.0,828.8,671.2,785.4
211,3,0,0.431,1184.4,620.1,1217.6,708.2,1201.0,664.1
211,14,0,0.259,41.8,740.5,87.1,836.6,64.4,788.6
211,15,0,0.594,585.6,514.1,616.2,584.8,600.9,549.5
212,6,0,0.467,647.1,743.2,688.1,827.7,667.6,785.5
212,3,0,0.446,1186.2,621.9,1219.8,705.7,1203.0,663.8
212,14,0,0.285,38.5,742.6,80.7,837.1,59.6,789.9
212,15,0,0.569,586.2,516.5,615.3,581.7,600.8,549.1
213,6,0,0.478,648.2,743.6,682.1,826.2,665.2,784.9
213,3,0,0.509,1191.4,622.1,1223.2,704.1,1207.3,663.1
213,14,0,0.454,36.5,743.7,78.7,837.3,57.6,790.5
213,15,0,0.596,587.0,518.6,613.7,581.8,600.4,550.2
214,6,0,0.491,648.4,743.7,676.9,824.2,662.6,783.9
214,3,0,0.617,1194.2,621.3,1227.1,704.0,1210.6,662.6
214,14,0,0.525,34.4,745.5,77.9,837.4,56.1,791.4
214,15,0,0.624,586.9,518.1,613.6,581.5,600.2,549.8
215,6,0,0.517,645.6,741.0,678.3,824.1,661.9,782.5
215,3,0,0.519,1197.0,619.2,1231.2,702.5,1214.1,660.9
215,14,0,0.536,35.3,746.5,78.0,837.6,56.7,792.1
215,15,0,0.572,586.2,518.7,616.8,584.6,601.5,551.6
216,6,0,0.545,643.7,737.4,678.3,824.9,661.0,781.1
216,3,0,0.435,1202.2,616.8,1238.4,703.6,1220.3,660.2
216,14,0,0.389,36.0,748.5,79.5,836.0,57.8,792.2
216,15,0,0.459,585.3,516.5,620.3,585.6,602.8,551.0
217,6,0,0.557,641.3,734.8,678.7,822.9,660.0,778.9
217,3,0,0.468,1207.0,615.7,1242.1,702.1,1224.6,658.9
217,14,0,0.332,36.3,749.4,82.0,833.8,59.1,791.6
217,15,0,0.434,584.5,517.6,626.0,586.6,605.3,552.1
218,6,0,0.588,639.0,732.6,680.7,819.8,659.9,776.2
218,3,0,0.445,1212.1,613.8,1245.9,701.9,1229.0,657.8
218,14,0,0.275,37.3,747.9,84.7,833.9,61.0,790.9
218,15,0,0.453,585.3,518.8,632.3,584.9,608.8,551.8
219,6,0,0.602,638.2,731.3,680.7,816.2,659.4,773.8
219,3,0,0.372,1217.3,613.1,1249.4,698.1,1233.3,655.6
219,14,0,0.342,36.5,746.4,88.0,834.7,62.2,790.6
219,15,0,0.447,588.2,520.8,637.7,583.1,612.9,552.0
219,17,0,0.7,829.5,693.8,863.5,793.3,846.5,743.5
220,6,0,0.505,637.4,730.1,680.3,811.8,658.9,770.9
220,3,0,0.46,1223.8,613.0,1253.1,696.5,1238.5,654.8
220,14,0,0.413,36.6,743.5,87.9,835.2,62.3,789.4
220,15,0,0.467,591.8,521.0,642.5,582.0,617.1,551.5
220,17,0,0.617,834.0,694.2,865.4,792.1,849.7,743.2
221,6,0,0.573,636.7,730.3,680.1,810.5,658.4,770.4
221,3,0,0.528,1228.1,611.1,1259.9,696.5,1244.0,653.8
221,14,0,0.323,34.3,742.5,89.6,835.6,61.9,789.1
221,15,0,0.493,593.6,519.2,643.6,581.1,618.6,550.1
221,17,0,0.593,836.5,694.4,866.2,790.4,851.4,742.4
222,6,0,0.594,635.2,729.9,679.0,811.7,657.1,770.8
222,3,0,0.415,1233.5,612.2,1264.4,695.7,1249.0,654.0
222,15,0,0.385,597.6,519.4,645.1,580.9,621.3,550.1
222,17,0,0.545,839.3,695.4,867.0,782.8,853.1,739.1
223,6,0,0.578,633.0,725.3,676.5,810.7,654.7,768.0
223,3,0,0.446,1237.0,611.3,1268.8,693.4,1252.9,652.4
223,15,0,0.421,599.5,519.0,647.6,581.8,623.6,550.4
223,17,0,0.536,840.9,695.2,868.1,775.2,854.5,735.2
224,6,0,0.58,631.3,723.1,675.9,810.1,653.6,766.6
224,3,0,0.411,1240.8,610.6,1273.1,691.4,1257.0,651.0
224,15,0,0.504,600.8,518.2,647.6,584.7,624.2,551.4
224,17,0,0.5,841.0,695.2,870.0,770.6,855.5,732.9
225,6,0,0.615,630.4,719.1,676.0,807.5,653.2,763.3
225,3,0,0.474,1243.8,607.0,1275.1,691.3,1259.4,649.2
225,15,0,0.529,601.4,517.1,645.0,582.7,623.2,549.9
225,17,0,0.465,841.2,692.6,871.3,770.0,856.3,731.3
226,6,0,0.639,630.8,715.2,674.9,803.3,652.9,759.2
226,3,0,0.51,1245.2,606.8,1276.4,691.9,1260.8,649.3
226,15,0,0.415,601.6,517.2,641.0,578.8,621.3,548.0
226,17,0,0.483,841.7,690.0,872.1,768.2,856.9,729.1
226,14,0,0.747,41.0,738.8,101.8,838.9,71.4,788.9
227,6,0,0.632,630.6,711.5,675.7,797.7,653.1,754.6
227,3,0,0.53,1248.1,604.3,1280.5,691.1,1264.3,647.7
227,15,0,0.295,597.9,515.5,642.6,582.0,620.3,548.7
227,17,0,0.513,841.0,685.9,877.2,769.1,859.1,727.5
227,14,0,0.73,42.2,742.3,106.4,838.5,74.3,790.4
228,6,0,0.622,628.9,709.8,676.9,795.0,652.9,752.4
228,3,0,0.562,1250.9,602.8,1283.9,690.5,1267.4,646.6
228,17,0,0.55,841.1,684.0,878.7,768.2,859.9,726.1
228,14,0,0.655,43.4,744.5,113.0,836.7,78.2,790.6
229,6,0,0.595,628.5,707.3,674.5,791.6,651.5,749.4
229,3,0,0.524,1255.0,600.4,1286.0,687.8,1270.5,644.1
229,17,0,0.531,842.4,682.4,875.7,763.4,859.0,722.9
229,14,0,0.702,47.4,744.8,119.2,836.6,83.3,790.7
230,6,0,0.585,628.3,705.9,667.3,786.9,647.8,746.4
230,3,0,0.565,1256.5,598.5,1286.8,682.9,1271.7,640.7
230,17,0,0.57,843.5,680.1,875.1,759.3,859.3,719.7
230,14,0,0.628,55.5,744.3,128.9,834.6,92.2,789.5
231,6,0,0.612,625.0,705.0,665.4,787.0,645.2,746.0
231,3,0,0.538,1257.6,597.7,1287.7,679.6,1272.7,638.7
231,17,0,0.552,843.9,677.8,874.5,757.9,859.2,717.8
231,14,0,0.43,59.5,744.4,133.9,832.9,96.7,788.6
232,6,0,0.654,621.6,703.6,666.6,786.3,644.1,744.9
232,3,0,0.55,1258.4,594.1,1289.6,677.0,1274.0,635.5
232,17,0,0.525,844.0,673.8,875.8,754.8,859.9,714.3
232,14,0,0.44,63.0,743.5,137.0,830.1,100.0,786.8
233,6,0,0.651,616.6,700.3,669.3,782.1,643.0,741.2
233,3,0,0.568,1258.0,592.7,1290.9,676.0,1274.5,634.4
233,17,0,0.555,841.8,671.1,874.0,753.8,857.9,712.5
233,14,0,0.428,64.7,743.3,133.8,829.8,99.3,786.5
234,6,0,0.564,611.2,697.5,670.4,778.7,640.8,738.1
234,3,0,0.561,1259.4,592.1,1293.0,674.6,1276.2,633.4
234,17,0,0.566,840.9,668.7,874.0,752.5,857.4,710.6
234,14,0,0.367,65.3,743.6,125.1,830.9,95.2,787.2
235,6,0,0.581,609.5,694.7,668.6,772.4,639.0,733.5
235,3,0,0.546,1259.6,590.0,1293.7,673.1,1276.6,631.5
235,17,0,0.576,841.1,666.3,874.3,748.0,857.7,707.1
235,14,0,0.481,68.1,738.4,115.7,828.4,91.9,783.4
236,6,0,0.641,608.1,692.7,662.6,768.6,635.3,730.7
236,3,0,0.5,1260.2,589.1,1294.7,671.6,1277.4,630.3
236,17,0,0.607,840.8,663.8,873.7,744.7,857.3,704.3
236,14,0,0.275,69.1,736.8,110.0,827.5,89.5,782.1
237,6,0,0.603,604.7,690.0,653.3,767.0,629.0,728.5
237,3,0,0.429,1261.2,588.1,1295.6,670.9,1278.4,629.5
237,17,0,0.648,841.3,662.2,872.8,740.8,857.1,701.5
237,14,0,0.32,70.6,736.0,110.2,823.2,90.4,779.6
238,6,0,0.577,603.1,687.7,646.4,766.2,624.8,726.9
238,3,0,0.415,1261.7,587.4,1296.4,670.8,1279.1,629.1
238,17,0,0.646,841.6,662.1,871.6,739.0,856.6,700.5
238,14,0,0.368,70.8,734.7,113.5,819.2,92.2,777.0
239,6,0,0.447,601.4,684.1,644.6,766.5,623.0,725.3
239,3,0,0.305,1262.3,585.1,1297.1,669.7,1279.7,627.4
239,17,0,0.634,841.7,661.7,871.6,738.1,856.7,699.9
239,14,0,0.441,72.3,732.4,116.8,817.0,94.6,774.7
240,6,0,0.34,600.0,680.7,643.2,762.0,621.6,721.3
240,3,0,0.373,1264.5,584.2,1299.2,667.3,1281.8,625.7
240,17,0,0.564,842.1,659.1,872.4,737.3,857.2,698.2
240,14,0,0.397,76.7,730.9,117.6,815.5,97.2,773.2
241,6,0,0.378,599.3,677.9,644.1,756.0,621.7,716.9
241,3,0,0.428,1267.9,581.8,1301.7,664.7,1284.8,623.3
241,17,0,0.565,843.0,654.6,873.3,735.3,858.1,694.9
241,14,0,0.408,80.0,727.3,118.0,812.9,99.0,770.1
242,6,0,0.484,597.8,673.7,645.5,747.8,621.6,710.7
242,3,0,0.373,1270.3,580.8,1303.5,659.9,1286.9,620.4
242,17,0,0.484,843.9,650.6,875.5,733.5,859.7,692.1
242,14,0,0.435,82.5,723.6,119.9,807.9,101.2,765.8
243,6,0,0.585,596.0,671.2,647.0,742.9,621.5,707.0
243,3,0,0.413,1272.3,577.8,1304.9,657.4,1288.6,617.6
243,17,0,0.466,843.5,646.3,876.7,731.1,860.1,688.7
243,14,0,0.508,84.5,718.1,124.9,804.7,104.7,761.4
243,18,0,0.668,664.0,1016.1,694.9,1079.5,679.4,1047.8
244,6,0,0.653,596.1,667.8,646.6,738.8,621.3,703.3
244,3,0,0.488,1275.5,575.5,1305.9,658.3,1290.7,616.9
244,17,0,0.368,844.6,642.8,878.7,727.5,861.6,685.1
244,14,0,0.565,88.1,713.5,133.0,801.2,110.5,757.3
244,18,0,0.655,668.6,1010.9,698.6,1079.0,683.6,1045.0
245,6,0,0.59,596.4,665.8,638.1,737.9,617.2,701.8
245,3,0,0.453,1276.4,574.6,1308.7,659.2,1292.6,616.9
245,17,0,0.258,845.5,641.2,879.8,724.7,862.6,682.9
245,14,0,0.617,88.7,708.6,142.8,796.4,115.7,752.5
245,18,0,0.599,669.8,1006.7,701.6,1079.4,685.7,1043.1
246,6,0,0.599,597.8,662.7,633.0,738.3,615.4,700.5
246,3,0,0.481,1278.3,574.5,1310.8,659.4,1294.5,617.0
246,14,0,0.69,92.7,705.7,151.5,792.7,122.1,749.2
246,18,0,0.561,673.1,1003.3,705.6,1079.5,689.4,1041.4
247,6,0,0.47,597.8,658.7,632.0,734.2,614.9,696.5
247,3,0,0.55,1281.6,572.3,1311.7,659.8,1296.6,616.1
247,14,0,0.583,98.1,702.8,159.2,788.4,128.7,745.6
247,18,0,0.588,678.6,1003.3,710.4,1079.6,694.5,1041.4
248,6,0,0.506,596.6,653.3,636.2,730.8,616.4,692.0
248,3,0,0.443,1285.5,574.2,1312.4,656.6,1299.0,615.4
248,14,0,0.543,101.9,702.8,163.3,788.3,132.6,745.6
248,18,0,0.559,680.3,998.2,714.4,1079.8,697.3,1039.0
249,6,0,0.562,593.7,648.6,641.9,727.1,617.8,687.8
249,3,0,0.409,1288.3,574.6,1315.9,655.0,1302.1,614.8
249,14,0,0.486,105.0,702.7,163.1,784.4,134.0,743.5
249,18,0,0.629,683.8,990.1,717.7,1079.7,700.7,1034.9
250,6,0,0.574,591.2,644.1,642.3,722.4,616.8,683.3
250,3,0,0.455,1291.4,574.2,1321.0,654.6,1306.2,614.4
250,14,0,0.352,108.8,701.5,160.7,781.9,134.8,741.7
250,18,0,0.574,686.1,986.4,720.9,1079.9,703.5,1033.2
251,6,0,0.576,590.6,640.8,642.2,714.5,616.4,677.7
251,3,0,0.455,1293.3,573.3,1324.4,651.7,1308.8,612.5
251,14,0,0.517,112.0,697.1,161.1,779.8,136.5,738.4
251,18,0,0.645,688.0,986.6,726.2,1079.7,707.1,1033.1
252,6,0,0.489,590.8,639.5,639.9,710.3,615.3,674.9
252,3,0,0.352,1294.8,571.7,1327.1,649.4,1311.0,610.5
252,14,0,0.472,116.9,693.7,159.0,774.9,137.9,734.3
252,18,0,0.64,690.9,986.1,729.2,1079.8,710.0,1033.0
252,19,0,0.59,172.9,569.2,202.5,638.0,187.7,603.6
253,6,0,0.465,590.9,637.0,636.4,707.6,613.7,672.3
253,14,0,0.55,122.5,686.3,162.3,771.1,142.4,728.7
253,18,0,0.625,696.9,983.1,731.4,1079.9,714.1,1031.5
253,19,0,0.53,177.0,564.0,211.6,637.3,194.3,600.6
254,6,0,0.397,593.7,636.1,632.6,705.5,613.2,670.8
254,14,0,0.466,127.6,684.5,167.5,769.9,147.5,727.2
254,18,0,0.632,700.5,978.0,733.7,1078.9,717.1,1028.5
254,19,0,0.533,186.2,559.8,217.7,631.5,202.0,595.7
254,17,0,0.53,858.3,626.8,895.5,700.9,876.9,663.8
255,6,0,0.384,591.1,634.0,631.7,706.6,611.4,670.3
255,14,0,0.57,131.1,682.9,173.6,766.3,152.4,724.6
255,18,0,0.591,702.7,975.1,737.0,1078.6,719.8,1026.9
255,19,0,0.595,191.7,555.0,223.5,629.7,207.6,592.4
255,17,0,0.538,858.9,625.2,895.2,699.0,877.0,662.1
256,6,0,0.479,589.2,629.1,632.7,707.6,611.0,668.4
256,14,0,0.593,134.7,682.6,178.3,763.8,156.5,723.2
256,18,0,0.623,706.8,973.3,742.2,1076.3,724.5,1024.8
256,19,0,0.663,200.0,553.3,228.8,626.9,214.4,590.1
256,17,0,0.534,859.7,623.8,893.7,698.2,876.7,661.0
257,6,0,0.513,590.1,624.9,633.3,701.8,611.7,663.3
257,14,0,0.609,139.0,682.1,182.1,762.0,160.6,722.0
257,18,0,0.557,708.3,972.1,745.8,1076.6,727.0,1024.4
257,19,0,0.573,202.8,549.5,238.7,627.3,220.8,588.4
257,17,0,0.555,861.5,621.3,894.2,696.9,877.9,659.1
258,6,0,0.497,591.0,621.4,634.6,697.1,612.8,659.2
258,14,0,0.426,146.7,680.6,184.1,758.2,165.4,719.4
258,18,0,0.468,712.8,972.3,750.5,1072.7,731.6,1022.5
258,19,0,0.444,212.2,549.1,248.3,626.1,230.2,587.6
258,17,0,0.545,865.4,619.5,894.8,695.2,880.1,657.3
259,6,0,0.449,591.4,618.9,634.0,690.8,612.7,654.8
259,14,0,0.355,149.2,678.9,187.0,756.1,168.1,717.5
259,18,0,0.473,715.6,971.5,754.4,1069.0,735.0,1020.2
259,19,0,0.515,219.9,547.1,252.7,616.3,236.3,581.7
259,17,0,0.582,867.3,617.2,896.4,694.5,881.9,655.8
259,3,0,0.546,1309.0,567.2,1340.4,640.4,1324.7,603.8
260,6,0,0.411,593.6,617.3,633.5,683.3,613.6,650.3
260,14,0,0.401,156.5,675.4,190.1,755.1,173.3,715.3
260,18,0,0.558,718.1,965.0,758.4,1064.7,738.2,1014.9
260,19,0,0.668,230.9,546.0,258.0,610.4,244.4,578.2
260,17,0,0.612,869.7,615.6,897.2,692.5,883.4,654.0
260,3,0,0.51,1311.0,568.0,1343.3,639.9,1327.2,604.0
261,6,0,0.428,595.7,615.9,633.7,679.2,614.7,647.5
261,14,0,0.502,163.4,673.5,194.1,753.5,178.8,713.5
261,18,0,0.645,719.8,962.4,764.3,1063.3,742.1,1012.9
261,19,0,0.43,236.9,542.9,267.7,612.5,252.3,577.7
261,17,0,0.613,872.5,614.2,900.4,690.1,886.5,652.1
261,3,0,0.598,1314.4,568.8,1348.3,637.7,1331.3,603.3
262,6,0,0.41,598.6,614.4,634.0,677.9,616.3,646.1
262,14,0,0.495,169.0,670.8,202.4,748.5,185.7,709.7
262,18,0,0.674,723.1,959.2,769.1,1057.6,746.1,1008.4
262,17,0,0.617,875.5,613.5,903.3,686.4,889.4,650.0
262,3,0,0.53,1318.0,569.3,1350.3,636.8,1334.1,603.1
263,6,0,0.482,603.2,614.1,633.1,678.1,618.2,646.1
263,14,0,0.357,172.3,667.2,211.6,744.9,192.0,706.0
263,18,0,0.639,727.2,956.5,774.6,1054.6,750.9,1005.5
263,17,0,0.596,877.4,611.4,905.1,683.5,891.3,647.5
263,3,0,0.507,1321.9,567.9,1353.3,632.4,1337.6,600.2
263,19,0,0.519,255.8,541.8,285.5,605.6,270.6,573.7
264,6,0,0.573,606.0,611.4,634.6,675.8,620.3,643.6
264,14,0,0.485,175.1,662.3,218.9,741.8,197.0,702.1
264,18,0,0.652,731.3,954.6,779.4,1050.4,755.3,1002.5
264,17,0,0.516,877.9,610.1,906.6,680.1,892.2,645.1
264,3,0,0.412,1324.8,567.6,1355.4,632.2,1340.1,599.9
264,19,0,0.523,265.9,540.2,293.4,606.3,279.7,573.2
265,6,0,0.509,608.1,609.6,637.8,675.6,623.0,642.6
265,14,0,0.415,185.1,659.7,227.4,737.0,206.2,698.4
265,18,0,0.668,738.4,954.8,781.5,1047.9,760.0,1001.3
265,17,0,0.276,878.4,609.0,907.8,676.4,893.1,642.7
265,19,0,0.282,275.3,534.6,306.5,602.9,290.9,568.7
266,6,0,0.401,610.1,607.6,640.5,671.6,625.3,639.6
266,14,0,0.346,190.8,657.1,230.0,734.2,210.4,695.6
266,18,0,0.658,744.2,955.4,784.6,1048.1,764.4,1001.7
267,6,0,0.424,612.1,604.5,644.0,666.9,628.0,635.7
267,18,0,0.559,748.6,956.5,787.0,1041.4,767.8,999.0
268,6,0,0.43,614.7,602.7,646.4,662.5,630.5,632.6
268,18,0,0.585,752.7,956.1,790.5,1040.6,771.6,998.3
269,6,0,0.372,615.5,601.0,647.5,660.2,631.5,630.6
269,18,0,0.663,757.4,956.8,795.5,1045.0,776.5,1000.9
269,3,0,0.548,1349.5,561.6,1376.4,630.5,1363.0,596.1
269,17,0,0.52,892.7,604.7,923.9,672.7,908.3,638.7
270,6,0,0.341,616.5,600.8,647.6,657.9,632.1,629.4
270,18,0,0.665,763.5,956.8,798.4,1047.8,781.0,1002.3
270,3,0,0.565,1354.5,561.8,1379.1,631.3,1366.8,596.5
270,17,0,0.528,893.9,603.1,925.3,671.8,909.6,637.4
271,6,0,0.38,617.5,600.7,647.3,657.6,632.4,629.1
271,18,0,0.628,765.8,956.1,800.6,1047.9,783.2,1002.0
271,3,0,0.526,1357.1,561.1,1384.4,633.1,1370.7,597.1
271,17,0,0.396,895.9,603.0,926.8,669.9,911.3,636.5
272,6,0,0.362,618.4,599.6,646.2,657.0,632.3,628.3
272,18,0,0.625,767.3,955.8,803.6,1049.0,785.5,1002.4
272,3,0,0.328,1360.8,562.5,1392.4,634.3,1376.6,598.4
272,17,0,0.472,897.4,603.3,928.8,668.5,913.1,635.9
273,6,0,0.419,618.1,597.9,645.6,655.8,631.9,626.8
273,18,0,0.624,770.4,956.5,806.5,1049.4,788.5,1002.9
273,3,0,0.318,1365.1,561.8,1396.9,634.3,1381.0,598.1
273,17,0,0.512,899.3,604.7,928.8,668.7,914.0,636.7
274,6,0,0.373,618.9,594.9,646.6,656.0,632.7,625.4
274,18,0,0.495,775.9,957.2,808.4,1049.2,792.1,1003.2
274,3,0,0.428,1370.7,563.4,1400.1,637.0,1385.4,600.2
274,17,0,0.409,900.7,604.8,929.5,669.9,915.1,637.3
275,6,0,0.503,620.0,592.9,648.3,655.9,634.1,624.4
275,18,0,0.466,778.2,957.8,810.4,1048.9,794.3,1003.4
275,3,0,0.513,1373.2,564.6,1403.1,637.7,1388.2,601.1
275,17,0,0.396,901.0,604.6,931.1,669.8,916.1,637.2
276,6,0,0.482,619.7,591.1,648.0,655.4,633.8,623.3
276,18,0,0.42,780.9,957.3,811.4,1052.1,796.1,1004.7
276,3,0,0.509,1375.6,565.9,1406.2,639.0,1390.9,602.4
276,17,0,0.394,902.1,604.2,931.6,672.9,916.8,638.5
277,6,0,0.492,619.2,590.3,647.4,653.7,633.3,622.0
277,18,0,0.498,781.9,956.8,813.5,1055.6,797.7,1006.2
277,3,0,0.589,1379.1,566.8,1407.9,638.8,1393.5,602.8
277,17,0,0.389,901.8,603.2,930.7,672.7,916.2,637.9
278,6,0,0.485,619.2,589.9,646.9,650.9,633.0,620.4
278,18,0,0.561,782.9,956.9,815.4,1057.0,799.1,1007.0
278,3,0,0.387,1381.9,568.9,1408.9,638.8,1395.4,603.9
278,17,0,0.378,901.3,601.6,930.3,669.3,915.8,635.4
279,6,0,0.496,619.1,592.1,644.9,651.7,632.0,621.9
279,18,0,0.597,783.1,958.4,817.9,1057.7,800.5,1008.0
279,3,0,0.581,1384.6,570.2,1410.2,640.3,1397.4,605.2
279,17,0,0.405,901.0,601.2,929.7,667.9,915.4,634.6
280,6,0,0.545,618.3,591.9,644.1,652.8,631.2,622.4
280,18,0,0.589,783.8,959.1,819.4,1059.7,801.6,1009.4
280,3,0,0.496,1386.1,571.6,1412.2,638.4,1399.2,605.0
280,17,0,0.455,900.7,602.0,928.8,667.7,914.8,634.8
280,14,0,0.522,237.0,630.4,271.9,715.1,254.5,672.7
281,6,0,0.507,617.2,591.8,643.2,652.3,630.2,622.1
281,18,0,0.63,784.4,959.6,821.7,1060.6,803.0,1010.1
281,3,0,0.468,1386.9,572.1,1412.6,635.5,1399.8,603.8
281,17,0,0.493,900.8,602.6,928.0,667.2,914.4,634.9
281,14,0,0.367,239.8,628.9,275.2,709.2,257.5,669.1
282,6,0,0.45,614.0,590.5,640.8,653.0,627.4,621.8
282,18,0,0.681,784.8,959.9,823.1,1057.4,803.9,1008.7
282,3,0,0.556,1387.0,572.5,1412.1,634.6,1399.5,603.5
282,17,0,0.519,899.8,603.3,926.7,666.2,913.3,634.8
282,14,0,0.374,242.1,628.3,276.7,705.9,259.4,667.1
283,6,0,0.383,610.2,590.0,638.7,650.5,624.4,620.3
283,18,0,0.701,785.5,960.1,823.4,1057.0,804.4,1008.5
283,3,0,0.489,1386.7,571.5,1413.5,635.1,1400.1,603.3
283,17,0,0.359,898.4,604.8,924.4,666.5,911.4,635.6
283,14,0,0.399,243.4,627.8,278.2,702.0,260.8,664.9
284,18,0,0.68,786.2,960.6,823.3,1056.1,804.7,1008.4
284,3,0,0.54,1386.5,569.7,1413.9,637.8,1400.2,603.8
284,17,0,0.42,895.4,601.5,922.8,666.6,909.1,634.1
284,14,0,0.278,245.5,626.0,280.7,702.5,263.1,664.3
285,18,0,0.649,785.8,960.6,822.5,1055.8,804.1,1008.2
285,3,0,0.539,1386.1,568.1,1414.2,637.2,1400.2,602.6
285,17,0,0.55,892.9,599.7,922.2,666.1,907.5,632.9
285,14,0,0.276,246.7,622.7,281.5,701.5,264.1,662.1
286,18,0,0.609,785.9,959.8,822.2,1055.1,804.1,1007.5
286,3,0,0.61,1385.7,565.5,1415.0,636.0,1400.4,600.7
286,17,0,0.414,892.1,597.0,922.0,664.2,907.1,630.6
286,14,0,0.394,251.0,621.7,281.6,696.7,266.3,659.2
287,18,0,0.653,785.9,960.2,822.5,1056.7,804.2,1008.4
287,3,0,0.602,1386.0,564.0,1414.7,632.5,1400.4,598.3
287,14,0,0.305,253.6,620.8,282.2,695.7,267.9,658.3
288,18,0,0.661,785.8,960.7,822.0,1056.4,803.9,1008.6
288,3,0,0.584,1386.0,563.8,1413.5,632.2,1399.7,598.0
288,14,0,0.251,254.3,618.9,282.4,693.0,268.3,655.9
289,18,0,0.663,786.1,961.0,822.3,1054.3,804.2,1007.6
289,3,0,0.575,1385.9,563.7,1413.9,631.7,1399.9,597.7
289,14,0,0.409,256.1,617.3,284.3,692.6,270.2,655.0
290,18,0,0.673,786.5,961.4,822.4,1053.3,804.4,1007.4
290,3,0,0.577,1385.6,563.7,1414.2,631.5,1399.9,597.6
290,14,0,0.493,257.7,615.7,286.2,690.8,271.9,653.2
291,18,0,0.674,786.6,961.4,822.5,1055.4,804.5,1008.4
291,3,0,0.576,1385.3,562.0,1413.9,632.0,1399.6,597.0
291,14,0,0.521,259.8,615.5,287.1,686.4,273.5,651.0
292,18,0,0.7,786.3,961.7,822.3,1055.5,804.3,1008.6
292,3,0,0.606,1385.2,561.7,1412.0,632.0,1398.6,596.8
292,14,0,0.432,262.5,616.5,288.4,679.7,275.5,648.1
293,18,0,0.708,785.9,960.8,822.3,1056.1,804.1,1008.4
293,3,0,0.573,1384.5,560.8,1411.7,632.6,1398.1,596.7
293,14,0,0.403,263.8,616.0,289.6,676.0,276.7,646.0
293,17,0,0.545,877.7,591.1,906.7,656.0,892.2,623.5
294,18,0,0.725,784.9,960.9,821.6,1056.5,803.2,1008.7
294,3,0,0.538,1382.1,560.4,1410.7,632.1,1396.4,596.2
294,14,0,0.534,266.2,613.7,292.1,678.7,279.1,646.2
294,17,0,0.617,876.3,590.1,905.0,656.6,890.6,623.3
295,18,0,0.712,784.5,961.4,821.4,1056.8,802.9,1009.1
295,3,0,0.55,1379.8,558.8,1409.4,630.1,1394.6,594.5
295,14,0,0.487,267.7,611.8,293.1,679.3,280.4,645.5
295,17,0,0.616,874.7,588.5,903.7,654.6,889.2,621.6
296,18,0,0.697,784.4,962.1,821.7,1056.3,803.0,1009.2
296,3,0,0.437,1379.1,558.7,1408.2,628.0,1393.7,593.4
296,14,0,0.33,269.5,610.4,295.7,679.6,282.6,645.0
296,17,0,0.586,871.9,586.4,901.4,655.1,886.7,620.7
297,18,0,0.696,783.0,961.4,821.9,1056.1,802.5,1008.8
297,3,0,0.479,1378.2,558.0,1406.8,624.6,1392.5,591.3
297,17,0,0.466,870.0,587.1,898.4,652.7,884.2,619.9
298,18,0,0.674,782.1,961.4,821.5,1056.3,801.8,1008.9
298,3,0,0.449,1374.6,557.5,1406.2,623.1,1390.4,590.3
298,17,0,0.318,865.1,586.5,896.1,653.6,880.6,620.0
299,18,0,0.667,780.7,962.0,821.6,1058.7,801.1,1010.4
299,3,0,0.411,1373.2,556.5,1405.0,621.2,1389.1,588.8
299,17,0,0.296,862.4,586.6,894.0,651.2,878.2,618.9
300,18,0,0.668,780.1,962.8,821.2,1059.2,800.6,1011.0
300,3,0,0.276,1372.9,556.5,1402.9,620.2,1387.9,588.3
300,17,0,0.428,860.5,585.2,890.4,650.3,875.4,617.7
301,18,0,0.657,780.2,963.7,821.2,1059.1,800.7,1011.4
301,3,0,0.319,1370.9,555.0,1400.2,618.9,1385.5,587.0
301,17,0,0.375,859.8,584.2,886.8,648.6,873.3,616.4
302,18,0,0.669,780.8,966.4,821.1,1059.1,800.9,1012.7
302,3,0,0.274,1365.1,552.8,1398.4,617.2,1381.8,585.0
302,17,0,0.348,854.8,582.6,886.5,649.0,870.6,615.8
303,18,0,0.628,781.0,969.4,820.4,1058.7,800.7,1014.1
303,3,0,0.29,1359.9,552.6,1396.6,614.5,1378.3,583.5
303,17,0,0.349,851.5,581.2,885.7,647.9,868.6,614.5
304,18,0,0.594,780.8,972.2,819.7,1057.4,800.3,1014.8
304,3,0,0.252,1357.0,550.9,1393.4,611.2,1375.2,581.0
304,17,0,0.292,847.7,578.5,884.4,646.0,866.0,612.2
305,18,0,0.563,780.8,974.8,819.4,1056.5,800.1,1015.7
305,3,0,0.263,1355.1,550.4,1391.3,611.2,1373.2,580.8
305,6,0,0.525,541.1,569.9,572.9,633.5,557.0,601.7
306,18,0,0.585,780.7,973.4,817.5,1056.9,799.1,1015.1
306,6,0,0.616,539.6,568.7,569.7,632.4,554.6,600.6
307,18,0,0.611,780.0,973.9,816.9,1057.5,798.5,1015.7
307,6,0,0.494,538.7,564.1,567.7,629.3,553.2,596.7
308,18,0,0.621,779.5,974.2,816.4,1058.1,797.9,1016.1
308,6,0,0.434,538.2,562.9,564.3,626.6,551.2,594.8
308,17,0,0.528,843.9,577.5,873.0,638.8,858.4,608.2
