frame,track_id,team_id,role,pitch_x,pitch_y
58,2,0,player,19.187647,11.707334
59,2,0,player,19.18582,11.741809
60,2,0,player,19.239443,11.771707
121,3,0,player,27.967676,23.927755
122,3,0,player,27.968039,23.864971
123,3,0,player,27.959473,23.694845
124,3,0,player,27.940565,23.531597
125,3,0,player,27.92481,23.508385
126,3,0,player,27.933863,23.272625
127,3,0,player,27.966763,22.89184
128,3,0,player,27.971691,22.755648
129,3,0,player,27.950205,22.52727
130,3,0,player,27.953033,22.284653
130,4,1,player,24.33865,15.739155
131,3,0,player,27.94257,22.116428
131,4,1,player,24.384184,15.7784
132,3,0,player,27.927578,21.979685
132,4,1,player,24.394844,15.9353695
132,5,0,player,16.091362,17.896101
133,3,0,player,27.897882,21.867111
133,5,0,player,15.962478,18.183407
134,3,0,player,27.880281,21.803411
134,5,0,player,15.87584,18.343939
135,3,0,player,27.849892,21.8975
135,5,0,player,15.791865,18.464834
136,5,0,player,15.876782,18.436588
137,5,0,player,15.806434,18.557968
138,5,0,player,15.776918,18.540741
139,5,0,player,15.718178,18.630798
140,5,0,player,15.637387,18.745087
141,5,0,player,15.665991,18.573412
142,5,0,player,15.663835,18.47775
143,5,0,player,15.556839,18.578665
144,5,0,player,15.533882,18.64785
145,5,0,player,15.502283,18.676464
146,5,0,player,15.5741415,18.550611
147,5,0,player,15.595474,18.480263
148,5,0,player,15.646666,18.427742
149,5,0,player,15.663982,18.369366
149,6,0,player,24.357548,9.420787
150,5,0,player,15.6394005,18.419716
150,6,0,player,24.411608,9.472279
151,5,0,player,15.71846,18.198648
151,6,0,player,24.498606,9.406967
152,5,0,player,15.787453,18.031467
152,6,0,player,24.587603,9.353505
153,5,0,player,15.616933,18.301735
153,6,0,player,24.637762,9.320352
154,5,0,player,15.4415655,18.610384
154,6,0,player,24.68337,9.403329
155,5,0,player,15.38447,18.659416
155,6,0,player,24.699114,9.557382
156,5,0,player,15.439987,18.482288
156,6,0,player,24.730827,9.722694
157,5,0,player,15.54693,18.224146
157,6,0,player,24.778528,9.850464
158,5,0,player,15.511521,18.138205
158,6,0,player,24.838144,9.876641
159,5,0,player,15.555736,17.924238
159,6,0,player,24.898596,9.982657
159,7,1,player,26.610945,14.029084
160,5,0,player,15.433809,18.098766
160,6,0,player,24.964716,10.044279
160,7,1,player,26.621202,13.9874
160,3,0,player,27.59244,21.188858
161,5,0,player,15.311978,18.215721
161,6,0,player,25.013853,10.125211
161,7,1,player,26.639135,13.925074
161,3,0,player,27.607536,21.143387
162,5,0,player,15.244731,18.237028
162,6,0,player,25.081022,10.262296
162,7,1,player,26.645897,13.950304
162,3,0,player,27.616589,21.252537
163,5,0,player,15.14411,18.23866
163,6,0,player,25.126097,10.384081
163,7,1,player,26.647135,13.943492
163,3,0,player,27.630938,21.25805
164,5,0,player,15.132884,18.1146
164,6,0,player,25.162374,10.538913
164,7,1,player,26.636974,14.000885
164,3,0,player,27.644928,21.162971
165,5,0,player,15.0541725,18.14061
165,6,0,player,25.20838,10.563242
165,7,1,player,26.625147,14.081224
165,3,0,player,27.655973,21.188517
166,5,0,player,14.834356,18.307678
166,6,0,player,25.254715,10.592791
166,7,1,player,26.609999,13.997521
166,3,0,player,27.665483,21.215435
167,5,0,player,14.644965,18.45162
167,6,0,player,25.296368,10.608901
167,7,1,player,26.592278,13.878727
167,3,0,player,27.680204,21.24802
168,6,0,player,25.331873,10.522227
168,7,1,player,26.568996,13.838238
168,3,0,player,27.684238,21.346863
169,6,0,player,25.361124,10.457561
169,7,1,player,26.553928,13.8329935
169,3,0,player,27.702635,21.36033
170,6,0,player,25.37426,10.481494
170,7,1,player,26.52554,13.823596
170,3,0,player,27.714329,21.29627
171,6,0,player,25.37667,10.521004
171,7,1,player,26.512947,13.689884
171,3,0,player,27.718172,21.183533
172,6,0,player,25.374243,10.549293
172,7,1,player,26.504974,13.632423
172,3,0,player,27.72396,21.228909
173,6,0,player,25.374224,10.559452
173,7,1,player,26.484812,13.667793
173,3,0,player,27.728893,21.174376
173,10,0,player,26.730875,15.600373
174,6,0,player,25.37991,10.586329
174,7,1,player,26.46684,13.577353
174,3,0,player,27.74132,21.121994
174,10,0,player,26.696589,15.546568
174,5,0,player,13.664434,18.019274
175,6,0,player,25.397215,10.541912
175,7,1,player,26.452675,13.50879
175,3,0,player,27.748241,21.08052
175,10,0,player,26.649065,15.366866
175,5,0,player,13.461502,18.020632
176,6,0,player,25.409885,10.507503
176,7,1,player,26.430887,13.514389
176,3,0,player,27.753115,20.980873
176,10,0,player,26.624168,15.102099
176,5,0,player,13.122995,18.086372
177,6,0,player,25.42673,10.510051
177,7,1,player,26.40404,13.452702
177,3,0,player,27.761454,20.864079
177,10,0,player,26.605179,14.570323
177,5,0,player,12.762517,18.014933
178,6,0,player,25.449873,10.434487
178,7,1,player,26.38826,13.353962
178,3,0,player,27.766415,20.74204
178,10,0,player,26.546896,14.722963
178,5,0,player,12.512208,17.912796
179,6,0,player,25.465384,10.408245
179,7,1,player,26.377771,13.290475
179,3,0,player,27.772629,20.583282
179,10,0,player,26.542837,14.111782
179,5,0,player,12.614633,17.441248
180,6,0,player,25.47594,10.406815
180,3,0,player,27.778154,20.545794
180,10,0,player,26.50032,14.041996
180,5,0,player,12.626932,17.215433
181,6,0,player,25.490105,10.407436
181,3,0,player,27.783825,20.484737
181,10,0,player,26.45512,14.040904
182,6,0,player,25.489866,10.393779
182,3,0,player,27.787561,20.480175
182,10,0,player,26.384245,13.825876
183,6,0,player,25.492083,10.40883
183,3,0,player,27.797493,20.564154
183,10,0,player,26.350796,13.876775
184,6,0,player,25.497786,10.366777
184,3,0,player,27.803713,20.576536
184,10,0,player,26.36544,13.327745
185,6,0,player,25.508167,10.313394
185,3,0,player,27.814596,20.562124
185,10,0,player,26.364956,12.934103
186,6,0,player,25.517105,10.21858
186,3,0,player,27.821127,20.587154
186,10,0,player,26.34147,12.89545
187,6,0,player,25.54613,10.077888
187,3,0,player,27.82872,20.534412
188,6,0,player,25.562405,10.013301
188,3,0,player,27.841234,20.416914
189,6,0,player,25.566236,10.0381155
189,3,0,player,27.853506,20.339663
190,6,0,player,25.56485,10.041049
190,3,0,player,27.863022,20.207525
191,6,0,player,25.570305,10.088578
191,3,0,player,27.872692,20.196339
192,6,0,player,25.574429,10.092183
192,3,0,player,27.877415,20.205929
193,6,0,player,25.565775,10.0651865
193,3,0,player,27.884008,20.269386
194,6,0,player,25.5639,10.051295
194,3,0,player,27.889383,20.307306
194,12,0,player,20.393215,9.405226
195,6,0,player,25.557293,10.054281
195,3,0,player,27.89933,20.27351
195,12,0,player,20.369837,9.333096
196,6,0,player,25.547573,10.062442
196,3,0,player,27.909334,20.213364
196,12,0,player,20.424816,9.285052
197,6,0,player,25.535429,10.106039
197,3,0,player,27.917656,20.078478
198,6,0,player,25.534943,10.111215
198,3,0,player,27.92172,19.977829
199,6,0,player,25.539377,10.105971
199,3,0,player,27.926094,19.834309
200,6,0,player,25.535326,10.055208
200,3,0,player,27.927145,19.777445
201,6,0,player,25.526691,9.993582
201,3,0,player,27.928371,19.783669
202,6,0,player,25.519026,9.943774
202,3,0,player,27.933296,19.845514
203,6,0,player,25.494347,9.86892
203,3,0,player,27.937634,19.854492
204,6,0,player,25.512106,9.839475
204,3,0,player,27.947258,19.819153
204,14,1,player,20.613504,-1.4307272
205,6,0,player,25.498755,9.73261
205,3,0,player,27.952595,19.830217
205,14,1,player,20.510866,-1.6489929
206,6,0,player,25.475431,9.679589
206,3,0,player,27.95481,19.820122
206,14,1,player,20.425026,-1.8744328
207,6,0,player,25.424953,9.579995
207,3,0,player,27.956131,19.859608
207,14,1,player,20.382069,-2.0924895
208,6,0,player,25.391317,9.533633
208,3,0,player,27.960896,19.83275
208,14,1,player,20.308245,-2.2554839
208,15,0,player,22.684774,16.62712
209,6,0,player,25.341654,9.471192
209,3,0,player,27.962677,19.752367
209,14,1,player,20.255285,-2.5361571
209,15,0,player,22.718433,16.546543
210,6,0,player,25.295765,9.504837
210,3,0,player,27.973372,19.723753
210,14,1,player,20.25197,-2.7312086
210,15,0,player,22.741423,16.486988
211,6,0,player,25.259136,9.527185
211,3,0,player,27.986916,19.777386
211,14,1,player,20.19256,-2.8779607
211,15,0,player,22.73984,16.506823
212,6,0,player,25.231157,9.496328
212,3,0,player,27.99598,19.887268
212,14,1,player,20.14594,-3.0110426
212,15,0,player,22.696089,16.668432
213,6,0,player,25.208591,9.491669
213,3,0,player,28.017023,19.989435
213,14,1,player,20.126572,-3.0660274
213,15,0,player,22.692522,16.655
214,6,0,player,25.183249,9.497208
214,3,0,player,28.033825,20.027899
214,14,1,player,20.111795,-3.105753
214,15,0,player,22.687197,16.669033
215,6,0,player,25.178244,9.488635
215,3,0,player,28.050644,20.117659
215,14,1,player,20.120632,-3.093033
215,15,0,player,22.744474,16.529463
216,6,0,player,25.175783,9.456424
216,3,0,player,28.08197,20.14221
216,14,1,player,20.107508,-3.0564184
216,15,0,player,22.773636,16.502972
217,6,0,player,25.159988,9.485013
217,3,0,player,28.102753,20.239988
217,14,1,player,20.088072,-3.008832
217,15,0,player,22.816483,16.499697
218,6,0,player,25.144472,9.551404
218,3,0,player,28.124823,20.29288
218,14,1,player,20.110697,-2.9589775
218,15,0,player,22.83699,16.659958
219,6,0,player,25.12478,9.625788
219,3,0,player,28.14568,20.47529
219,14,1,player,20.137651,-2.9286819
219,15,0,player,22.8635,16.838007
219,17,0,player,26.200735,12.899001
220,6,0,player,25.099669,9.71611
220,3,0,player,28.170746,20.58577
220,14,1,player,20.145618,-2.9309435
220,15,0,player,22.899788,16.979977
220,17,0,player,26.215921,12.973828
221,6,0,player,25.090363,9.738775
221,3,0,player,28.198225,20.642078
221,14,1,player,20.148596,-2.940861
221,15,0,player,22.905571,17.05697
221,17,0,player,26.22054,13.041077
222,6,0,player,25.087528,9.691052
222,3,0,player,28.222572,20.721441
222,15,0,player,22.936062,17.121887
222,17,0,player,26.208336,13.2693615
223,6,0,player,25.06695,9.677061
223,3,0,player,28.241896,20.845964
223,15,0,player,22.973932,17.11658
223,17,0,player,26.193172,13.496327
224,6,0,player,25.056297,9.672716
224,3,0,player,28.261782,20.960749
224,15,0,player,23.018316,16.974497
224,17,0,player,26.184942,13.638569
225,6,0,player,25.040733,9.726051
225,3,0,player,28.274082,20.989483
225,15,0,player,22.981209,17.061459
225,17,0,player,26.187614,13.665693
226,6,0,player,25.017328,9.817837
226,3,0,player,28.280708,20.980677
226,15,0,player,22.90827,17.23479
226,17,0,player,26.18594,13.725478
226,14,1,player,20.305862,-2.702926
227,6,0,player,24.990896,9.954319
227,3,0,player,28.297884,21.04531
227,15,0,player,22.93702,17.041075
227,17,0,player,26.20207,13.729898
227,14,1,player,20.331766,-2.623887
228,6,0,player,24.975267,10.014683
228,3,0,player,28.313082,21.098476
228,17,0,player,26.20413,13.766292
228,14,1,player,20.347221,-2.51115
229,6,0,player,24.947845,10.074095
229,3,0,player,28.328428,21.230225
229,17,0,player,26.183983,13.892009
229,14,1,player,20.401897,-2.3757744
230,6,0,player,24.896976,10.128982
230,3,0,player,28.334476,21.426884
230,17,0,player,26.172537,14.014261
230,14,1,player,20.469254,-2.1302998
231,6,0,player,24.879187,10.084581
231,3,0,player,28.33971,21.563013
231,17,0,player,26.167456,14.053811
231,14,1,player,20.49293,-2.0020728
232,6,0,player,24.867615,10.083909
232,3,0,player,28.346653,21.676641
232,17,0,player,26.161833,14.15463
232,14,1,player,20.486952,-1.8978822
233,6,0,player,24.836409,10.168674
233,3,0,player,28.348991,21.719856
233,17,0,player,26.14618,14.156813
233,14,1,player,20.474176,-1.9156054
234,6,0,player,24.802038,10.218288
234,3,0,player,28.35784,21.791567
234,17,0,player,26.139137,14.189245
234,14,1,player,20.446262,-2.028942
235,6,0,player,24.75349,10.3487625
235,3,0,player,28.36026,21.8546
235,17,0,player,26.125889,14.327545
235,14,1,player,20.371456,-2.1006358
236,6,0,player,24.704174,10.385085
236,3,0,player,28.364435,21.921326
236,17,0,player,26.112055,14.421427
236,14,1,player,20.331287,-2.1575994
237,6,0,player,24.647533,10.320689
237,3,0,player,28.369263,21.958208
237,17,0,player,26.097628,14.538269
237,14,1,player,20.27345,-2.1086361
238,6,0,player,24.610918,10.270186
238,3,0,player,28.372517,21.968529
238,17,0,player,26.088621,14.587725
238,14,1,player,20.229767,-2.0365047
239,6,0,player,24.599627,10.23306
239,3,0,player,28.375916,22.018326
239,17,0,player,26.08586,14.616382
239,14,1,player,20.221956,-1.9575666
240,6,0,player,24.561272,10.326233
240,3,0,player,28.38702,22.134596
240,17,0,player,26.08696,14.649626
240,14,1,player,20.22766,-1.877447
241,6,0,player,24.524256,10.486328
241,3,0,player,28.402224,22.267296
241,17,0,player,26.085863,14.724706
241,14,1,player,20.20701,-1.8097849
242,6,0,player,24.47098,10.707246
242,3,0,player,28.413696,22.481596
242,17,0,player,26.089636,14.802897
242,14,1,player,20.150995,-1.7150364
243,6,0,player,24.437471,10.840194
243,3,0,player,28.422783,22.600143
243,17,0,player,26.083927,14.884556
243,14,1,player,20.13917,-1.5963228
244,6,0,player,24.408792,10.952779
244,3,0,player,28.433146,22.58369
244,17,0,player,26.08146,15.0213585
244,14,1,player,20.149912,-1.4099923
245,6,0,player,24.36991,10.907241
245,3,0,player,28.442211,22.56489
245,17,0,player,26.078184,15.125858
245,14,1,player,20.131384,-1.2293271
246,6,0,player,24.357817,10.863788
246,3,0,player,28.45217,22.576082
246,14,1,player,20.144802,-1.0241922
247,6,0,player,24.325401,10.971692
247,3,0,player,28.46255,22.580082
247,14,1,player,20.150623,-0.8064667
248,6,0,player,24.313765,11.095935
248,3,0,player,28.47495,22.732924
248,14,1,player,20.196024,-0.6976252
249,6,0,player,24.299055,11.228568
249,3,0,player,28.491196,22.828966
249,14,1,player,20.147776,-0.620928
250,6,0,player,24.256678,11.349541
250,3,0,player,28.5118,22.884699
250,14,1,player,20.113703,-0.5774879
251,6,0,player,24.19567,11.583019
251,3,0,player,28.526072,23.030096
251,14,1,player,20.099543,-0.50723577
252,6,0,player,24.155125,11.694534
252,3,0,player,28.537445,23.146051
252,14,1,player,20.03178,-0.4191267
252,19,0,player,17.624292,3.340474
253,6,0,player,24.119879,11.748838
253,14,1,player,20.02001,-0.25580767
253,19,0,player,17.725143,3.5846474
254,6,0,player,24.0993,11.806304
254,14,1,player,20.062553,-0.0998198
254,19,0,player,17.69096,3.9967422
254,17,0,player,26.088057,16.12927
255,6,0,player,24.09271,11.739991
255,14,1,player,20.058754,0.073480144
255,19,0,player,17.741356,4.238224
255,17,0,player,26.082203,16.198484
256,6,0,player,24.096592,11.700361
256,14,1,player,20.066246,0.21747582
256,19,0,player,17.782871,4.5471525
256,17,0,player,26.076931,16.22201
257,6,0,player,24.057646,11.898454
257,14,1,player,20.084877,0.35109732
257,19,0,player,17.9125,4.749658
257,17,0,player,26.07999,16.284296
258,6,0,player,24.029829,12.070975
258,14,1,player,20.078238,0.5320406
258,19,0,player,18.050995,5.1008887
258,17,0,player,26.089073,16.376413
259,6,0,player,23.9777,12.278098
259,14,1,player,20.074783,0.63340145
259,19,0,player,17.869957,5.602925
259,17,0,player,26.098412,16.425858
259,3,0,player,28.610294,23.657343
260,6,0,player,23.922817,12.549098
260,14,1,player,20.122164,0.7902787
260,19,0,player,17.84283,6.067983
260,17,0,player,26.102045,16.520292
260,3,0,player,28.62282,23.701727
261,6,0,player,23.898468,12.713104
261,14,1,player,20.162035,0.9617556
261,19,0,player,18.054379,6.2574177
261,17,0,player,26.113789,16.649199
261,3,0,player,28.645012,23.83574
262,6,0,player,23.902073,12.788323
262,14,1,player,20.160896,1.2218968
262,17,0,player,26.120565,16.826128
262,3,0,player,28.65952,23.90071
263,6,0,player,23.920822,12.815204
263,14,1,player,20.175777,1.445656
263,17,0,player,26.122747,16.959621
263,3,0,player,28.679386,24.124641
263,19,0,player,18.190084,7.0961757
264,6,0,player,23.920994,12.936317
264,14,1,player,20.18449,1.6306527
264,17,0,player,26.117258,17.10137
264,3,0,player,28.692036,24.156452
264,19,0,player,18.376352,7.358925
265,6,0,player,23.943716,12.991956
265,14,1,player,20.216267,1.9590772
265,17,0,player,26.109564,17.254042
265,19,0,player,18.483763,7.841484
266,6,0,player,23.931278,13.179226
266,14,1,player,20.219107,2.1179736
267,6,0,player,23.916348,13.402239
268,6,0,player,23.901455,13.612836
269,6,0,player,23.8902,13.717624
269,3,0,player,28.80666,24.439339
269,17,0,player,26.201485,17.605497
270,6,0,player,23.875042,13.81593
270,3,0,player,28.824926,24.438812
270,17,0,player,26.207285,17.65827
271,6,0,player,23.87571,13.833927
271,3,0,player,28.84274,24.395445
271,17,0,player,26.212687,17.756468
272,6,0,player,23.869408,13.85527
272,3,0,player,28.870121,24.395512
272,17,0,player,26.219875,17.835388
273,6,0,player,23.854362,13.893525
273,3,0,player,28.89138,24.434742
273,17,0,player,26.22715,17.840397
274,6,0,player,23.864773,13.902301
274,3,0,player,28.910051,24.356985
274,17,0,player,26.23858,17.80739
275,6,0,player,23.877264,13.931891
275,3,0,player,28.92254,24.351246
275,17,0,player,26.24478,17.824192
276,6,0,player,23.86993,13.945844
276,3,0,player,28.934402,24.31981
276,17,0,player,26.260921,17.713783
277,6,0,player,23.849386,14.002185
277,3,0,player,28.946941,24.351362
277,17,0,player,26.256132,17.713453
278,6,0,player,23.821566,14.108017
278,3,0,player,28.955948,24.368128
278,17,0,player,26.241325,17.840479
279,6,0,player,23.818697,14.056971
279,3,0,player,28.963919,24.32165
279,17,0,player,26.233347,17.889639
280,6,0,player,23.820986,13.998839
280,3,0,player,28.974087,24.418274
280,17,0,player,26.228495,17.889416
280,14,1,player,20.442104,3.6603045
281,6,0,player,23.80675,14.0000515
281,3,0,player,28.97988,24.548367
281,17,0,player,26.224316,17.904478
281,14,1,player,20.376444,3.8625443
282,6,0,player,23.786026,13.920703
282,3,0,player,28.979853,24.585567
282,17,0,player,26.212803,17.928577
282,14,1,player,20.341595,3.9829612
283,6,0,player,23.734074,13.964433
283,3,0,player,28.981949,24.568735
283,17,0,player,26.200994,17.89148
283,14,1,player,20.288675,4.104204
284,3,0,player,28.979658,24.453236
284,17,0,player,26.185318,17.856153
284,14,1,player,20.328152,4.156022
285,3,0,player,28.980034,24.478579
285,17,0,player,26.172688,17.854856
285,14,1,player,20.32301,4.204881
286,3,0,player,28.98221,24.532032
286,17,0,player,26.162275,17.92384
286,14,1,player,20.263468,4.370718
287,3,0,player,28.98582,24.683853
287,14,1,player,20.266172,4.4368963
288,3,0,player,28.983276,24.691689
288,14,1,player,20.221544,4.510491
289,3,0,player,28.984509,24.714838
289,14,1,player,20.238894,4.570383
290,3,0,player,28.984715,24.723581
290,14,1,player,20.228508,4.659965
291,3,0,player,28.982767,24.699106
291,14,1,player,20.16496,4.8048015
292,3,0,player,28.978,24.690351
292,14,1,player,20.061901,5.022766
293,3,0,player,28.975002,24.65979
293,14,1,player,20.005722,5.1499887
293,17,0,player,26.025082,18.051678
294,3,0,player,28.967402,24.666697
294,14,1,player,20.093693,5.150462
294,17,0,player,26.016233,18.005432
295,3,0,player,28.960804,24.738503
295,14,1,player,20.12283,5.1701016
295,17,0,player,25.99767,18.067577
296,3,0,player,28.958353,24.82272
296,14,1,player,20.159117,5.2233667
296,17,0,player,25.98109,18.011272
297,3,0,player,28.956226,24.963728
297,17,0,player,25.953287,18.07632
298,3,0,player,28.947546,25.012474
298,17,0,player,25.930529,17.988304
299,3,0,player,28.94311,25.086584
299,17,0,player,25.902655,18.05431
300,3,0,player,28.938242,25.12127
300,17,0,player,25.878338,18.05304
301,3,0,player,28.928007,25.159632
301,17,0,player,25.854877,18.093977
302,3,0,player,28.910944,25.203747
302,17,0,player,25.836737,18.039396
303,3,0,player,28.896168,25.296928
303,17,0,player,25.81642,18.056522
304,3,0,player,28.884031,25.423056
304,17,0,player,25.788568,18.10057
305,3,0,player,28.874008,25.405422
305,6,0,player,22.848166,13.333788
306,6,0,player,22.808525,13.331047
307,6,0,player,22.753939,13.430707
308,6,0,player,22.69782,13.504502
308,17,0,player,25.696636,18.301277
